,ADD1,ADD2,Scores,Notes
16,https://record-everything.tistory.com/entry/C-STL%EC%9D%84-%EC%9D%B4%EC%9A%A9%ED%95%9C-%EC%9A%B0%EC%84%A0%EC%88%9C%EC%9C%84-%ED%81%90priority-queue,,,
9,https://velog.io/@l238lwo8/%EC%9A%B0%EC%84%A0%EC%88%9C%EC%9C%84%ED%81%90%EC%99%80-%ED%9E%99-STL%EC%9D%98-%EC%9A%B0%EC%84%A0%EC%88%9C%EC%9C%84%ED%81%90,,,
30,https://www.notion.so/HW02-730d270350424bb59826b728b78c281d,,,
5,https://dapin1490.github.io/satinbower/posts/it-priority-queue-heap/,,,
29,https://blog.naver.com/PostView.naver?blogId=kmj020316&Redirect=View&logNo=222877804558&categoryNo=7&isAfterWrite=true&isMrblogPost=false&isHappyBeanLeverage=true&contentLength=25070&isWeeklyDiaryPopupEnabled=false,,,
23,https://github.com/KellyKimGit/kelly,,,
10,https://velog.io/@ehekaanldk/PriorityQueue-Heap,,,
20,https://blog.naver.com/chaeming08/222877946622,,,
12,https://blog.naver.com/sweetyleah2/222877423433,,,
25,https://developer-psy.tistory.com/3,,,
14,https://programmimg-1.tistory.com/2 ,,,
11,https://qkrwltnzheld.tistory.com/2,https://qkrwltnzheld.tistory.com/3,,
17,https://blog.naver.com/yujinseo925/222877473451,,,
1,https://blog.naver.com/bigdonggong/222877568071,,,
6,https://blog.naver.com/sjsim2002/222877282999,,,
15,https://freakingeniousshawn.tistory.com/3,,,
28,https://luxmeily.tistory.com/3 ,,,
27,https://reiiiii.tistory.com/3,,,
31,https://www.notion.so/HW02-cd58bbab140d4861bfc4f5eb4c510c8b,,,
18,https://github.com/im-insanis/portfolio,,,
19,https://www.notion.so/1-cef0715ff3654a8584ca3bbfdfc36579,,,
21,https://blog.naver.com/roddinlee/222875282899,,,
26,https://blog.naver.com/jangjang0022/222878101850,,,
13,https://github.com/su-jin02/Data-Structure/tree/master/week2/%EA%B3%BC%EC%A0%9C,,,
8,https://m.blog.naver.com/2011402yerin/222877417080,,,
22,https://github.com/sunkyoung19/DataStructureP_2,,,
2,https://blog.naver.com/dbruddl56/222877742157 ,,,
24,https://github.com/kb081544/Data-Structure-2022/tree/main/HW02,https://github.com/kb081544/Data-Structure-2022/blob/main/HW02/HW02-Read.md ,,
3,none,,,
4,https://www.notion.so/2-943e70b4911448af8f8923f8d1811a80,,,
7,https://bin2e.tistory.com/3 ,,,
